file,family,source,base_degree,base_size,cover_deg,V,N,threshold,mean,variance,std,median,min,max,skewness,ex_kurtosis,gap,gap_over_std,median_standardized,frac_ramanujan,mass_left_of_mean,z_mlm_tw1,z_mlm_tw2,z_mlm_tw4,z_mlm_normal,ks_D_tw1,ks_p_tw1,ks_D_tw2,ks_p_tw2,ks_D_tw4,ks_p_tw4,ks_D_normal,ks_p_normal
data/abelian_cover/abelian_cover_V100x3_N100000x10_bdeg4.npy,abelian_cover,python,4,100,3,300,1000000,3.4641016151377544,3.392669830872723,0.0014110387061955622,0.03756379515165583,3.3916688894014486,3.2364311411094855,3.5747597705433503,0.15691247499755567,0.011565359135109254,0.0714317842650316,1.9016125494413165,-0.02664644153321238,0.967195,0.510749,-17.819969643940134,-8.537050535945058,-0.6399568349411524,21.498000000000015,0.009177912892657458,1.3558842956174943e-73,0.00462170370263304,5.57726923176023e-19,0.0015719526463002786,0.014264624061895456,0.011618437029902506,1.109223153488878e-117
data/abelian_cover/abelian_cover_V200x3_N100000x10_bdeg4.npy,abelian_cover,python,4,200,3,600,1000000,3.4641016151377544,3.420009960327101,0.0005362778301528306,0.023157673245661592,3.4193303307613347,3.3303406630444927,3.5561575708529407,0.17794128130632786,0.04745953602508335,0.04409165481065358,1.9039760317420407,-0.029347921034915857,0.967173,0.511665,-15.986552947076145,-6.704223861092507,1.1924922454153368,23.330000000000073,0.008296374438061416,3.2575944592092355e-60,0.0036609824689306514,4.554284663345355e-12,0.001313893466337035,0.06326689669200558,0.012126763183340328,3.63146649776533e-128
data/abelian_cover/abelian_cover_V500x3_N100000x10_bdeg4.npy,abelian_cover,python,4,500,3,1500,1000000,3.4641016151377544,3.4405880373963957,0.00015246579868270196,0.012347704186718354,3.440175686714859,3.3894291339121168,3.5187403842313962,0.1956773947969271,0.058272769049284356,0.02351357774135865,1.904287419409571,-0.03339492712986231,0.966283,0.51318,-12.954209829446524,-3.6728565986455552,4.22323499294795,26.35999999999994,0.006736181717345691,7.681976151967369e-40,0.002091738657506559,0.00031624443968951036,0.002457275210329013,1.1365734831919343e-05,0.013383123153112686,5.245387102996934e-156
data/abelian_cover/abelian_cover_V1000x3_N100000x10_bdeg4.npy,abelian_cover,python,4,1000,3,3000,1000000,3.4641016151377544,3.4493511983825296,5.890707680481814e-05,0.007675094579535691,3.4490964876465493,3.418043656621524,3.4957920697503635,0.1975705020262267,0.07146173661853439,0.014750416755224816,1.921854721445941,-0.0331866576158436,0.967326,0.513078,-13.158367583900676,-3.8769486519586955,4.0191849861834985,26.156000000000066,0.006712365630733186,1.4577641805811939e-39,0.0021302342321650736,0.0002284768008748841,0.002292134755840225,5.45630129839631e-05,0.013287385685589737,8.665756111325191e-154
data/abelian_cover/abelian_cover_V2000x3_N100000x10_bdeg4.npy,abelian_cover,python,4,2000,3,6000,1000000,3.4641016151377544,3.454851319044637,2.3072424578057518e-05,0.0048033763727254935,3.4546851760096318,3.4356415345074467,3.484903029278305,0.2088284151185986,0.07956172088608993,0.009250296093117338,1.9257903972801966,-0.03458880214939567,0.967321,0.513867,-11.579147306798589,-2.2982365925061976,5.597571803215262,27.733999999999924,0.00597736714842656,1.8421116748721282e-31,0.0013682662239865584,0.0472603388392977,0.002859818690322702,1.571741600573012e-07,0.013929496039576272,5.71088058331284e-169
data/abelian_cover/abelian_cover_V5000x3_N100000x10_bdeg4.npy,abelian_cover,python,4,5000,3,15000,1000000,3.4641016151377544,3.459084295394038,6.7098905050794175e-06,0.002590345634288872,3.458989558435096,3.448109107328789,3.4730088341345846,0.2133016345725732,0.09273532657713002,0.005017319743716442,1.9369306077541455,-0.03657309576300625,0.967927,0.514504,-10.304162114765486,-1.02366171054,6.871884100362691,29.00799999999992,0.00539609365849858,1.0183255368547968e-25,0.0009971000689639187,0.2729411477567939,0.0035733299823273446,1.6189209730361345e-11,0.014604640491453658,1.0517727071197522e-185
data/abelian_cover/abelian_cover_V100x4_N100000x10_bdeg4.npy,abelian_cover,python,4,100,4,400,1000000,3.4641016151377544,3.421220165612179,0.001499618745748447,0.038724911178057556,3.4184302835029503,3.287866271915054,3.6434123303868597,0.4356667139901033,0.38660624273829836,0.04288144952557538,1.1073350001606463,-0.07204360253793211,0.866747,0.528844,18.398016305571645,27.66927990232552,35.55891446314794,57.68799999999996,0.009759727847356237,3.642381013623818e-83,0.014400742598591587,1.4434900450094104e-180,0.018350695046268406,6.001850997589069e-293,0.02941212186458908,0.0
data/abelian_cover/abelian_cover_V200x4_N100000x10_bdeg4.npy,abelian_cover,python,4,200,4,800,1000000,3.4641016151377544,3.438647596634772,0.0006015970361877973,0.024527475128675542,3.4367396726183603,3.344366009861208,3.598858892963925,0.4887945990325766,0.5097469655878162,0.025454018502982567,1.0377757339247604,-0.07778721643390428,0.854599,0.531718,24.15046126931293,33.419873639799484,41.30832347727946,63.43600000000005,0.01312362909681597,4.951903159448445e-150,0.0176800461686506,5.88934696294947e-272,0.021597634258178622,0.0,0.03251766954675883,0.0
data/abelian_cover/abelian_cover_V500x4_N100000x10_bdeg4.npy,abelian_cover,python,4,500,4,2000,1000000,3.4641016151377544,3.451127100168928,0.00017771830331419906,0.013331102854385268,3.4500317814209915,3.4042427524691012,3.540313761929073,0.5152909343892231,0.5412381463320841,0.012974514968826512,0.9732514339245791,-0.0821626507499363,0.841218,0.533969,28.65594269359319,37.92390513007565,45.81142705793703,67.93800000000006,0.015713091973674986,6.74606883241102e-215,0.02024817337805751,0.0,0.024071630137822986,0.0,0.03469798852053052,0.0
data/abelian_cover/abelian_cover_V1000x4_N100000x10_bdeg4.npy,abelian_cover,python,4,1000,4,4000,1000000,3.4641016151377544,3.456189901803109,7.09298978472376e-05,0.008421988948415783,3.455466780991468,3.4252048003093876,3.5160209201027213,0.5396983424285067,0.6048649780058857,0.007911713334645576,0.9394115075553272,-0.08586104969621994,0.835235,0.535962,32.64502509190089,41.9117037796183,49.798404150896,71.92400000000009,0.016768569205926287,1.113917541889264e-244,0.02138724748528409,0.0,0.025318517184694467,0.0,0.03630616984580404,0.0
data/abelian_cover/abelian_cover_V2000x4_N100000x10_bdeg4.npy,abelian_cover,python,4,2000,4,8000,1000000,3.4641016151377544,3.459267953846174,2.832318669483289e-05,0.0053219532781520066,3.4588048760790624,3.438031219446205,3.4999100492804462,0.5597438166414754,0.6708280535874676,0.004833661291580249,0.908249478894089,-0.0870127456798231,0.8292,0.536126,32.97327873631746,42.239851786906186,50.12648455392913,72.25199999999998,0.017612217014965847,7.073607063671147e-270,0.02209643588335719,0.0,0.025907419262370168,0.0,0.03679695590647325,0.0
data/abelian_cover/abelian_cover_V5000x4_N100000x10_bdeg4.npy,abelian_cover,python,4,5000,4,20000,1000000,3.4641016151377544,3.4615457435095665,8.414261400790542e-06,0.002900734631225432,3.4612829156494977,3.4511578977985833,3.4814432159294615,0.5702945368635473,0.6577699380426689,0.0025558716281879335,0.8811118399714457,-0.09060734382230298,0.822933,0.53763,35.98360484121208,45.249209122035296,53.13522190857562,75.2600000000001,0.018812502021960942,7.395170286204242e-308,0.02342777799025031,0.0,0.027333346173955553,0.0,0.03833613639344402,0.0
data/abelian_cover/abelian_cover_V100x5_N100000x10_bdeg4.npy,abelian_cover,python,4,100,5,500,1000000,3.4641016151377544,3.4118233896880934,0.0009710272087820326,0.03116130948439158,3.410431840577244,3.293205638344557,3.5659349018532494,0.2614398115029571,0.08671917792049788,0.05227822544966099,1.67766458838473,-0.04465631046559881,0.946013,0.518241,-2.824382424612108,6.453710870162792,14.34771621094345,36.4819999999999,0.0024550414463727632,1.1617941306271083e-05,0.0035094708286430576,4.000465011699183e-11,0.007343628664722546,2.859704009547632e-47,0.01833726207976316,1.6084889799971405e-292
data/abelian_cover/abelian_cover_V200x5_N100000x10_bdeg4.npy,abelian_cover,python,4,200,5,1000,1000000,3.4641016151377544,3.4319481393322357,0.000376812228559219,0.019411651876108302,3.431060266239848,3.3563434985452334,3.542624975038261,0.28094458702303815,0.14897771714490116,0.03215347580551864,1.6564008055951625,-0.04573918273697201,0.943889,0.518562,-2.181885962064782,7.096000567354581,14.989873585173191,37.12399999999993,0.0013072291545846992,0.0655163122107485,0.0039907971559298705,2.926035400927617e-14,0.00790084430742688,1.1961273840151295e-54,0.01887362699904782,7.37505077959477e-310
data/abelian_cover/abelian_cover_V500x5_N100000x10_bdeg4.npy,abelian_cover,python,4,500,5,2500,1000000,3.4641016151377544,3.446926557133514,0.00010909150447268716,0.010444687859035672,3.4464122371875328,3.405358131155145,3.5124752599164957,0.29574788484827214,0.17255151886934428,0.017175058004240462,1.6443821238164016,-0.049242251460509735,0.942388,0.519598,-0.10828367172515221,9.168935540222762,17.06238149701744,39.196000000000005,0.0006371074607367522,0.8114313075531261,0.004861458212584102,5.9085679090076915e-21,0.008759165405743397,4.5356546184920425e-67,0.019834713167708573,0.0
data/abelian_cover/abelian_cover_V1000x5_N100000x10_bdeg4.npy,abelian_cover,python,4,1000,5,5000,1000000,3.4641016151377544,3.4534046321305447,4.30749140830748e-05,0.006563148183842476,3.4530699136827328,3.4269757003506047,3.4902433507670656,0.3054016294337597,0.1839072855636701,0.01069698300720967,1.6298554759961232,-0.050999678574375984,0.940767,0.520546,1.7891825167321767,11.065791094545984,18.958846265770504,41.091999999999906,0.0010672614396003421,0.2045929544465387,0.0057100277172694724,9.535456417757924e-29,0.00966079636997208,1.699435034515817e-81,0.020733116436603582,0.0
data/abelian_cover/abelian_cover_V2000x5_N100000x10_bdeg4.npy,abelian_cover,python,4,2000,5,10000,1000000,3.4641016151377544,3.4573961620223845,1.6909867707924725e-05,0.004112160953552855,3.4571877553658914,3.4415779969901488,3.481876600514674,0.31117779851829264,0.20620197393424888,0.006705453115369853,1.6306397514855118,-0.05068056888995827,0.940983,0.520657,2.0113541906972956,11.28789127021059,19.18090068489683,41.31400000000007,0.001238912266063874,0.09277424777842591,0.005706969466961587,1.0225168802806163e-28,0.009659774216585038,1.7679052082720948e-81,0.0207496481029823,0.0
data/abelian_cover/abelian_cover_V5000x5_N100000x10_bdeg4.npy,abelian_cover,python,4,5000,5,25000,1000000,3.4641016151377544,3.460478987789589,4.972761346696899e-06,0.0022299689115987467,3.4603619770156113,3.4516436637280075,3.475168364188587,0.3202606530577743,0.2115837865226622,0.0036226273481654303,1.6245192160854993,-0.052471930603616976,0.940114,0.521222,3.14222802664488,12.418401173367277,20.31117768315147,42.443999999999924,0.0023046653501525016,4.862541624202869e-05,0.006715840529279871,1.3278703322010044e-39,0.010528109725218115,1.0478044283324026e-96,0.021494380069152053,0.0
data/k5_covers_complete_cover/k5_covers_complete_cover_V20x5_N5000000.npy,k5_cover,python,4,5,20,100,5000000,3.4641016151377544,3.4040619910864853,0.003353638445886951,0.05791060736934945,3.402141433614926,3.1541905088837376,3.7919664600118423,0.23001371453257083,0.19969147383170283,0.06003962405126906,1.0367638465323097,-0.033164174212681134,0.8518526,0.5132038,-28.85997462944982,-8.10627216170898,9.549903455905685,59.04918872262339,0.006470599830202595,2.923257962734181e-182,0.0020893506484064295,2.196817486395897e-19,0.002666934273213961,2.575704063985148e-31,0.013383359490770852,0.0
data/k5_covers_complete_cover/k5_covers_complete_cover_V40x5_N5000000.npy,k5_cover,python,4,5,40,200,5000000,3.4641016151377544,3.4298237061966055,0.0012013663940850198,0.03466073274016318,3.428437204021864,3.2870540378343485,3.7737489049420647,0.27349847705468894,0.3032126526644867,0.034277908941148905,0.9889551152341717,-0.04000210223873437,0.8410404,0.5159848,-16.413346922224445,4.336350027115708,21.9899622459543,71.48619881347737,0.003699663710387213,7.175486807341081e-60,0.0015254222756019287,1.566509603880301e-10,0.005087699425445069,7.652377940390113e-113,0.016107440038236387,0.0
data/k5_covers_complete_cover/k5_covers_complete_cover_V100x5_N5000000.npy,k5_cover,python,4,5,100,500,5000000,3.4641016151377544,3.446858191258558,0.00032348432649189637,0.017985670031775196,3.446078516133146,3.36945799936745,3.7655229691566783,0.290782836383755,0.3492421905423342,0.017243423879196307,0.9587312481955041,-0.04334979592279056,0.834375,0.5173982,-10.08754195948002,10.660119247426644,28.31242865870317,77.80711577227382,0.002430781456601583,4.356871128845507e-26,0.002777511034750879,6.255825912651467e-34,0.006468893458206448,3.645508137494808e-182,0.017472920871513087,0.0
data/k5_covers_complete_cover/k5_covers_complete_cover_V200x5_N5000000.npy,k5_cover,python,4,5,200,1000,5000000,3.4641016151377544,3.4535677832401626,0.0001223806552871375,0.011062579052243535,3.4530796379649917,3.4091561144324354,3.6153761732088983,0.29339253097509177,0.3605141361440394,0.010533831897591828,0.9522039885857833,-0.04412581124758861,0.832578,0.5177564,-8.48438408651067,12.262761199255714,29.914740438133247,79.40903487135455,0.0019863619926585585,1.4614511058461004e-17,0.002943467148186718,4.708784784709253e-38,0.006840468148713197,1.2132658818379925e-203,0.01782203593607523,0.0
data/k5_covers_complete_cover/k5_covers_complete_cover_V400x5_N5000000.npy,k5_cover,python,4,5,400,2000,5000000,3.4641016151377544,3.4575775869014307,4.692178151155012e-05,0.006849947555386838,3.4572620370027423,3.4272658573248167,3.5968351842821544,0.2902936748498754,0.3293712556757087,0.006524028236323698,0.9524201730848529,-0.04606603132899569,0.8321198,0.5184038,-5.586884346252787,15.159328479027224,32.81071097415516,82.30429568862112,0.0013505817894824412,2.3922056936637762e-08,0.0034235331342356012,2.5015570165533817e-51,0.007360105739092293,1.0878163951083334e-235,0.01844832223182047,0.0
data/k5_covers_complete_cover/k5_covers_complete_cover_V1000x5_N5000000.npy,k5_cover,python,4,5,1000,5000,5000000,3.4641016151377544,3.4606056836831653,1.3447343148985831e-05,0.003667061923254887,3.460434831959089,3.4455578728153045,3.512178370579731,0.2872058893439259,0.22477856798181772,0.0034959314545890408,0.9533330845654358,-0.046590902376890786,0.8323918,0.5187748,-3.9264388664323313,16.819239601664414,34.47028012593801,83.96345812792602,0.0010758772679945738,1.878054545886694e-05,0.0037897624850283806,8.418945563847875e-63,0.007730141159283499,6.106138007296e-260,0.01879920199681262,0.0
data/k5_covers_complete_cover/k5_covers_complete_cover_V2000x5_N5000000.npy,k5_cover,python,4,5,2000,10000,5000000,3.4641016151377544,3.4619089018961526,5.270551804784867e-06,0.0022957682384737504,3.4618011085191784,3.452376761877476,3.5092767020801237,0.29154153539501826,0.27735723714518956,0.0021927132416017514,0.9551108883096532,-0.0469530744296118,0.832807,0.5189056,-3.3410311339242798,17.40445894085826,35.05537889966622,84.5484135108399,0.0008888693770549017,0.0007403902804401221,0.003914358144187835,5.707276948612996e-67,0.007865313254777684,4.2706570225870064e-269,0.018938967904669646,0.0
data/irreg_covers/irreg_covers_k5_minus_edge_cover_V20x5_N5000000.npy,k5_minus_edge,python,,5,20,100,5000000,3.2628764659363587,3.2134849950305466,0.002497337732948965,0.04997337023804743,3.2118585173739445,3.0045362110243863,3.534971123947172,0.23024081689556006,0.2627934416855475,0.049391470905812085,0.9883558117160504,-0.032546887449344995,0.8402678,0.5129982,-29.780156814493278,-9.026158217812062,8.630206912491694,58.12971757027535,0.006714407005797618,3.198668821269992e-196,0.002116941644733472,6.882751248849265e-20,0.0019478637272879462,6.646325686943013e-17,0.013027222147538264,0.0
data/irreg_covers/irreg_covers_k5_minus_edge_cover_V40x5_N5000000.npy,k5_minus_edge,python,,5,40,200,5000000,3.2628764659363587,3.2348929481167277,0.0008841937563598634,0.029735395681911875,3.2336832640329436,3.1068841887318683,3.4828736006106835,0.295761594289376,0.4571250414786059,0.027983517819631043,0.9410844274271251,-0.04068162054153978,0.8308178,0.516413,-14.496897449288914,6.252182756800908,23.905400280437803,73.40116742940815,0.0035774403700912227,5.231674512386577e-56,0.0027375768707391668,5.659632466982963e-33,0.0057110174154441085,4.478211887959768e-142,0.01656477138289225,0.0
data/irreg_covers/irreg_covers_k5_minus_edge_cover_V100x5_N5000000.npy,k5_minus_edge,python,,5,100,500,5000000,3.2628764659363587,3.2488193367836513,0.00023508883266942876,0.015332606845198528,3.2481325955808993,3.1849657437861065,3.4589740924041337,0.34296560865683157,0.6903321567750451,0.014057129152707404,0.9168127308442305,-0.044789591860374615,0.8260174,0.5181898,-6.544661523291768,14.201859529581823,31.853439280135174,81.3472585942515,0.0024851245327056626,3.0127355904092426e-27,0.004211779097594737,1.819496488057662e-77,0.007611637865587495,4.802834239651225e-252,0.0185264718072069,0.0
data/irreg_covers/irreg_covers_k5_minus_edge_cover_V200x5_N5000000.npy,k5_minus_edge,python,,5,200,1000,5000000,3.2628764659363587,3.2542797632397455,8.797804500920932e-05,0.009379661241708536,3.2538549990774244,3.2141912546958773,3.4534712849969997,0.35031167751027936,0.8696707136286417,0.008596702696613168,0.9165259250927116,-0.04528566132350066,0.8255612,0.5183208,-5.958358671926645,14.787973699569566,32.439432700306426,81.9331084043564,0.0021982171995888478,2.063451525442043e-21,0.0039051757025754252,1.1702146303540428e-66,0.00751914077831517,5.750500211009415e-246,0.018528954908165196,0.0
data/irreg_covers/irreg_covers_k5_minus_edge_cover_V400x5_N5000000.npy,k5_minus_edge,python,,5,400,2000,5000000,3.2628764659363587,3.257544642201188,3.3408229897916096e-05,0.005779985285268129,3.2572826545745803,3.230293286361114,3.450926779912817,0.3425279816268799,1.0575578634915201,0.005331823735170715,0.9224632022438404,-0.045326694390627725,0.8259742,0.518397,-5.617318387392233,15.12890423203561,32.78029299509295,82.27388516412725,0.0018635262656113705,1.654303025139027e-15,0.003801338819109379,3.4963012553357625e-63,0.007618324278506061,1.7347504953571096e-252,0.018530234401402113,0.0
data/irreg_covers/irreg_covers_k5_minus_edge_cover_V1000x5_N5000000.npy,k5_minus_edge,python,,5,1000,5000,5000000,3.2628764659363587,3.260002010061037,9.47772517707226e-06,0.0030785914274343486,3.2598599320213286,3.2466181865243433,3.342115661640622,0.34912245701141464,1.5175274293157068,0.0028744558753217575,0.9336918987386661,-0.04615033954887068,0.8282374,0.5185508,-4.9289719863239085,15.817029112524997,33.46827610976725,82.9616996740061,0.00134053187801908,3.135150143585761e-08,0.0037430732101866315,2.835935575623452e-61,0.007612986573257152,3.9112993510109185e-252,0.0186185573709563,0.0
data/irreg_covers/irreg_covers_k5_minus_edge_cover_V2000x5_N5000000.npy,k5_minus_edge,python,,5,2000,10000,5000000,3.2628764659363587,3.2610697289940203,3.7044721158835418e-06,0.0019247005262854639,3.260979106313961,3.253386717571301,3.342406558079823,0.36109731277750207,2.522939952104249,0.0018067369423384605,0.9387106813054887,-0.04708404181408481,0.829161,0.5188958,-3.3848919579193066,17.36061223195864,35.011541223958986,84.50458657848112,0.0009393136964275794,0.0002943970349544411,0.00397963009847746,3.3012734640455666e-69,0.007868753625761449,2.485453454985661e-269,0.018943739382751512,0.0
data/matlab/loop_cover_deg4_V50000_N100000.npy,matlab_loop_cover,matlab,4,50000,,50000,100000,3.4641016151377544,3.463387475426618,7.187406538369904e-07,0.0008477857358065128,3.4633501335945,3.460483860321,3.538253397313,10.385231103083635,771.3655409230252,0.000714139711136319,0.8423587245861667,-0.04404630856697036,0.82333,0.51975,0.06196527768963214,2.995648622836262,5.491755589854592,12.490996757665126,0.02038552847122488,1.5701508786909758e-36,0.0215279248636049,1.086047105853934e-40,0.022578974691085038,1.018660623082167e-44,0.028827900473855972,1.2462534019745865e-72
data/matlab/loop_cover_deg4_V100000_N100000.npy,matlab_loop_cover,matlab,4,100000,,100000,100000,3.4641016151377544,3.4636488494133513,3.517539971237547e-07,0.0005930885238509971,3.4636230494265003,3.461534601544,3.538518597574,29.355005879945594,3091.2618898178794,0.0004527657244031147,0.7634032799408272,-0.04350107245947843,0.82459,0.52211,1.5557145662226726,4.488917199613318,6.984716527069507,13.98359181326455,0.047615918639099086,1.7999623083657348e-197,0.047995394029055505,1.2604533336438064e-200,0.04865123349904919,3.8824079222015735e-206,0.05024672843747681,7.381959674272014e-220
data/matlab/loop_cover_deg4_V200000_N100000.npy,matlab_loop_cover,matlab,4,200000,,200000,100000,3.4641016151377544,3.463813550702186,1.6533953303694614e-07,0.0004066196417254658,3.4637972032665,3.462683752615,3.538490556103,68.88775060614921,11970.74921116291,0.00028806443556828043,0.7084370896248309,-0.040203261250847555,0.82717,0.52129,1.0366999829188446,3.9700696432755525,6.465975862444011,13.464978276996979,0.0709924548470533,0.0,0.0711265100603061,0.0,0.07120825049855964,0.0,0.07111693289224398,0.0
data/matlab/loop_cover_deg4_V500000_N100000.npy,matlab_loop_cover,matlab,4,500000,,500000,100000,3.4641016151377544,3.463945603234865,5.394539331745453e-08,0.0002322614761803053,3.463936898485,3.463302751805,3.499992340191,74.5405354653385,11533.069626879858,0.00015601190288938582,0.6717080484250143,-0.03747823361873797,0.82919,0.5206,0.5999681994070002,3.533478406844907,6.029474571478567,13.028583959893693,0.08512927842748072,0.0,0.08484232233629065,0.0,0.08479599774647097,0.0,0.08426312404626755,0.0
data/matlab/simple_deg4_V50000_N100000.npy,matlab_simple,matlab,4,50000,,50000,100000,3.4641016151377544,3.4632616081188776,6.080190937108295e-07,0.0007797557910723264,3.4632215976535,3.460176212472,3.467049943082,0.2981646412551441,0.16530335868088164,0.000840007018876765,1.07726935598847,-0.05131153347728635,0.85833,0.5206,0.5999681994070002,3.533478406844907,6.029474571478567,13.028583959893693,0.0017473487135649668,0.9196837870000814,0.005902155143211296,0.0018773141865458514,0.00985187357742423,7.371245841480963e-09,0.02094674441453459,1.515629307705588e-38
data/matlab/simple_deg4_V100000_N100000.npy,matlab_simple,matlab,4,100000,,100000,100000,3.4641016151377544,3.4635887194451747,2.402434502521135e-07,0.0004901463559510705,3.4635650251234997,3.461657946926,3.466268972773,0.2907461189771938,0.17806155965712955,0.000512895692579729,1.0464133546081682,-0.04834131966349411,0.85298,0.51918,-0.2988131521679814,2.6349862970892044,5.1311675668831365,12.130497104405887,0.0012582558373128716,0.9973486585034682,0.004984134227836057,0.013863292148920507,0.008685246956486425,5.576326422245997e-07,0.019388624883299288,4.3739135432646766e-33
data/matlab/simple_deg4_V200000_N100000.npy,matlab_simple,matlab,4,200000,,200000,100000,3.4641016151377544,3.4637823317456022,9.475886276618149e-08,0.0003078292753559698,3.4637668525475,3.462665366061,3.465402154618,0.30405082490721896,0.17373713101634625,0.0003192833921521476,1.0372093160500488,-0.050285009716857926,0.85085,0.52062,0.6126270916827171,3.5461332252921833,6.042126782810911,13.041233070534378,0.0022163901569507427,0.7088861241905217,0.006440766702744738,0.0004965134885077952,0.010268198224226532,1.3798035455392915e-09,0.021193822953314068,1.8878500849971062e-39
data/matlab/simple_deg4_V500000_N100000.npy,matlab_simple,matlab,4,500000,,500000,100000,3.4641016151377544,3.463933185402161,2.8408267967280833e-08,0.00016854752435820834,3.4639248947805,3.463355251994,3.464797525263,0.31211385799994823,0.20086356261808191,0.00016842973559327845,0.9993011539897818,-0.04918862909887126,0.84352,0.52011,0.28982533865225407,3.2234353548869543,5.719495393836483,12.718680749197198,0.0013737873491669328,0.9915166231241236,0.005875632426225241,0.0019983791420391216,0.009824428647052241,8.212130478172672e-09,0.02087806693421923,2.6925036805753913e-38
data/quaternion_rep/quaternion_deg4_V100x4_N1000000.npy,quaternion,python,4,100,4,400,1000000,3.4641016151377544,3.3872998502875067,0.0006958928861126533,0.02637978176772229,3.3867980031821903,3.2731733043693927,3.5247397565857845,0.11059854979253135,0.011031292139383808,0.0768017648502477,2.911387422629122,-0.01902392937649207,0.997344,0.507667,-23.98873630303914,-14.703831989979385,-6.8054678236513935,15.333999999999959,0.012553826421994763,2.5366642447657093e-137,0.007930889059050927,4.619594556850794e-55,0.004016137270954401,1.950011808739916e-14,0.007783205031166973,4.791305741409396e-53
data/quaternion_rep/quaternion_deg4_V200x4_N1000000.npy,quaternion,python,4,200,4,800,1000000,3.4641016151377544,3.4157882663630827,0.00026605311537502153,0.01631113470531776,3.415426660474779,3.344196009046974,3.495866160803078,0.12951261436717826,0.026871066315320213,0.04831334877467164,2.961985762947596,-0.02216926626115813,0.99754,0.508671,-21.979183504293072,-12.694925896582099,-4.79697560020394,17.341999999999967,0.01119645191067653,2.558593331191878e-109,0.006640791767045684,9.85977332559353e-39,0.0027978684418343835,3.1683729459056466e-07,0.008941557010838486,7.116765680166357e-70
data/quaternion_rep/quaternion_deg4_V500x4_N1000000.npy,quaternion,python,4,500,4,2000,1000000,3.4641016151377544,3.4378056169008775,7.560216050390982e-05,0.008694950287604284,3.43759482471618,3.4002153262665384,3.487900359980709,0.14499982704647305,0.02721012307883619,0.026295998236876894,3.024283908139769,-0.024243058065317437,0.997853,0.509711,-19.89757502750425,-10.613987313780058,-2.7164657273100907,19.42200000000005,0.010143586244498293,8.412337258888992e-90,0.005544415203691366,3.966016302343465e-27,0.0017611947562957142,0.00403946190775211,0.009794381672268093,9.392325546920188e-84
data/quaternion_rep/quaternion_deg4_V1000x4_N1000000.npy,quaternion,python,4,1000,4,4000,1000000,3.4641016151377544,3.447478454168226,2.942741859115852e-05,0.005424704470398228,3.4473455463000677,3.4233586467403194,3.475665755331339,0.1475189374979398,0.04272935866400429,0.016623160969528428,3.0643440689236514,-0.024500480880292202,0.997994,0.509801,-19.717435832397683,-10.433906090268502,-2.536421603694437,19.601999999999897,0.00991308734518126,8.723376127155041e-86,0.005289929990243136,9.847264019430506e-25,0.0014287577788525962,0.033691535959238794,0.010159757674812586,4.362260608051531e-90
data/quaternion_rep/quaternion_deg4_V2000x4_N1000000.npy,quaternion,python,4,2000,4,8000,1000000,3.4641016151377544,3.4535879244849674,1.156053415173573e-05,0.003400078550818456,3.453497270338514,3.4387027284311653,3.473744639178027,0.15772601063802769,0.037827113830932735,0.010513690652786956,3.09219051726206,-0.02666236826551341,0.998089,0.510676,-17.966082546637782,-8.683116417237867,-0.7859926240961751,21.352000000000036,0.00915953131656988,2.660817496271584e-73,0.004520735651259211,3.533846022584022e-18,0.0006677236801825304,0.7638043670515474,0.010839307219109973,1.754800044028554e-102
data/quaternion_rep/quaternion_deg4_V5000x4_N1000000.npy,quaternion,python,4,5000,4,20000,1000000,3.4641016151377544,3.458365982919876,3.3658454709359956e-06,0.0018346240680139339,3.4583160372459125,3.4503346709002622,3.467870702473731,0.15631642576233234,0.041922606044042965,0.005735632217878539,3.126325615082347,-0.027223928233642874,0.998253,0.510935,-17.447681974052877,-8.164882674020822,-0.26786564613511277,21.870000000000054,0.008778463461398656,2.3049276691138553e-67,0.0042721035028849275,2.800460792727868e-16,0.0007486779658109066,0.6291124793275653,0.011161846833600664,1.2024997612042703e-108
data/simple/simple_deg4_V100_N5000000.npy,simple,python,4,100,,100,5000000,3.4641016151377544,3.359357558906317,0.002966425249799809,0.054464899245292,3.3574682985718884,3.118980132127996,3.679989147617622,0.20346004699779333,0.04508823123307293,0.10474405623143745,1.9231478930990886,-0.03468766784860615,0.9673656,0.5137496,-26.41719526857099,-5.6642789252253625,11.99139359887906,61.49008052686234,0.006098136848922908,6.265989570089545e-162,0.0017613254164019487,6.722714589828738e-14,0.0029241692132322417,1.4611010391899052e-37,0.013852085333531494,0.0
data/simple/simple_deg4_V200_N5000000.npy,simple,python,4,200,,200,5000000,3.4641016151377544,3.407904783634854,0.001091086559502463,0.033031599408785264,3.4066370454978228,3.264797863552344,3.6392575741153275,0.23198959705978628,0.09021074264962836,0.056196831502900224,1.7013051898405442,-0.038379556537435786,0.9493966,0.5154292,-18.899987107098305,1.8505100817324713,19.504634427273682,69.00148007687964,0.004343218629568879,2.379162829593625e-82,0.0007411692795931679,0.00822426824443239,0.004382196769839974,7.93186523502782e-84,0.015473052205982663,0.0
data/simple/simple_deg4_V500_N5000000.npy,simple,python,4,500,,500,5000000,3.4641016151377544,3.4381351000074982,0.0003034861623583076,0.01742085423733026,3.4373907049914854,3.3671670471781106,3.552290646770018,0.25767750486173274,0.12794002611397204,0.025966515130256163,1.4905420122633162,-0.04273010989425194,0.9261608,0.5171536,-11.182272321647506,9.56574118651799,27.218276058902255,76.71323131768074,0.002582683053545476,2.1465792463393587e-29,0.002163278296008042,9.471261201986343e-21,0.006103847815927099,3.1213993242182585e-162,0.017197999098716887,0.0
data/simple/simple_deg4_V1000_N5000000.npy,simple,python,4,1000,,1000,5000000,3.4641016151377544,3.449226611898336,0.0001172603384483448,0.010828681288520076,3.448751998619769,3.4056211556915494,3.5379939231682815,0.26647509859293184,0.14125623303194468,0.014875003239418483,1.3736671015692443,-0.04382927763049404,0.9104364,0.5176104,-9.137820852154189,11.609534719727442,29.261648534736334,78.7561030219247,0.0021129348802101378,8.153948806029428e-20,0.0026513959957640276,5.885608838780694e-31,0.006600337371226117,1.2621231977196137e-189,0.01765482887283798,0.0
data/simple/simple_deg4_V2000_N5000000.npy,simple,python,4,2000,,2000,5000000,3.4641016151377544,3.4554155691145807,4.5692383587096435e-05,0.006759614159631926,3.455107925451622,3.4271508375958035,3.524201354713485,0.2726328004609442,0.14704201644869785,0.008686046023173688,1.2849913941902653,-0.04551201528572443,0.896673,0.5181904,-6.541976166720553,14.204544021963523,31.85612321946428,81.34994187582457,0.0015498463797516404,7.39136149797983e-11,0.0032320217167099985,8.587116453301197e-46,0.007128509393023508,4.068354904170002e-221,0.018214209020508965,0.0
data/simple/simple_deg4_V5000_N5000000.npy,simple,python,4,5000,,5000,5000000,3.4641016151377544,3.459737407481216,1.3252557666771957e-05,0.0036404062502380084,3.4595667998964497,3.4437869182996543,3.499138430768145,0.2808954874788613,0.15582135658486074,0.0043642076565384436,1.198824349961797,-0.046864985124977734,0.882119,0.5188112,-3.763527234449739,16.982098806149782,34.63310577856597,84.1262438766882,0.0009323035760572251,0.0003356727115253832,0.003812078979751443,1.5434268375173835e-63,0.007745379638471328,5.775561112390545e-261,0.018842419904873453,0.0
data/simple/simple_deg4_V10000_N5000000.npy,simple,python,4,10000,,10000,5000000,3.4641016151377544,3.461478796646196,5.221117483626518e-06,0.002284976473320134,3.461371385322415,3.452407793629085,3.4827848912910415,0.2829019655695374,0.1543766949476475,0.00262281849155821,1.1478536090777258,-0.04700762788381935,0.8728204,0.5189332,-3.2175047316518524,17.52794559041301,35.17884010880162,84.67184446319796,0.0008879166297416363,0.0007530309801686534,0.003988369456346952,1.6453456271771284e-69,0.007940243506187383,3.069454254821536e-274,0.019033468533478648,0.0
data/simple/simple_deg4_V20000_N5000000.npy,simple,python,4,20000,,20000,5000000,3.4641016151377544,3.4625105813200543,2.065239446186146e-06,0.001437094097888564,3.4624427914934013,3.4566495967288766,3.4724194631688663,0.2858679350693593,0.15631267857338438,0.0015910338177000938,1.10711874750422,-0.04717145992917799,0.865122,0.5188518,-3.581818106469633,17.16374945730606,34.81471900649668,84.30781259646095,0.0008679642007205501,0.0010689803693453366,0.003937958174866529,8.945604708272184e-68,0.007846369058126967,8.378318313914487e-268,0.018896490899138252,0.0
