file,family,cover_deg,n,V,N,law,c,scale_ratio,scale_ratio_se,c_fit,alpha,alpha_se,a,a_se,frac_ramanujan,F_at_shift,F_at_0,median_s,ks_free,ks_shift,ks_affine
data/abelian_cover/abelian_cover_V100x3_N100000x10_bdeg4.npy,abelian_cover,3,100,300,1000000,tw2,0.8326831776556043,1.080839458062696,0.0014900969006179806,0.8999968344752071,0.0699805586302281,0.0036541715815272577,-0.27047296538596993,0.01412327427832074,0.967195,0.9647639581119466,0.9693728283552628,-1.8740810575664695,0.043062061459463646,0.06961785026812839,0.0030292254564727866
data/abelian_cover/abelian_cover_V200x3_N100000x10_bdeg4.npy,abelian_cover,3,200,600,1000000,tw2,0.8326831776556043,1.0573936335213954,0.001430706000989189,0.880473890793401,0.06460540957495638,0.0027373442103071264,-0.31459996757947134,0.013329663962850236,0.967173,0.9650385279784416,0.9693728283552628,-1.838822290154729,0.026825012153020467,0.05016022829337485,0.0024547062873545578
data/abelian_cover/abelian_cover_V500x3_N100000x10_bdeg4.npy,abelian_cover,3,500,1500,1000000,tw2,0.8326831776556043,1.0375778902863293,0.0007049349659903635,0.8639736547488186,0.06022894783909721,0.0015345855147633764,-0.39805376438228185,0.010142092180490595,0.966283,0.9652667815551864,0.9693728283552628,-1.8100990669197543,0.012122203903840001,0.03331672909651645,0.0014038434045468007
data/abelian_cover/abelian_cover_V1000x3_N100000x10_bdeg4.npy,abelian_cover,3,1000,3000,1000000,tw2,0.8326831776556043,1.0227243766366099,0.0010572383978811203,0.8516053838036194,0.04131172713304831,0.0016562702253870665,-0.34399580223587906,0.013791483543316661,0.967326,0.9665626329969201,0.9693728283552628,-1.8020212121315562,0.006368729846178062,0.020455585405141863,0.001526473840726572
data/abelian_cover/abelian_cover_V2000x3_N100000x10_bdeg4.npy,abelian_cover,3,2000,6000,1000000,tw2,0.8326831776556043,1.0158432702573057,0.0009760983210222677,0.8458756022779141,0.0365585862449066,0.0021497191975108003,-0.3835416352693098,0.022553027922352777,0.967321,0.9668794765319527,0.9693728283552628,-1.79512037457765,0.006241931136507617,0.014284617760691787,0.0009562800592399778
data/abelian_cover/abelian_cover_V5000x3_N100000x10_bdeg4.npy,abelian_cover,3,5000,15000,1000000,tw2,0.8326831776556043,1.0083297088734817,0.0005547252148509601,0.8396191861093212,0.024626964383828345,0.0012409504324369964,-0.3506555157163811,0.017669498647198523,0.967927,0.9676990338458137,0.9693728283552628,-1.7951298739345962,0.005566830659357258,0.007357780268894498,0.0007811135598664518
data/abelian_cover/abelian_cover_V100x4_N100000x10_bdeg4.npy,abelian_cover,4,100,400,1000000,max12,0.8326831776556043,0.9822316539072521,0.0025899054179667996,0.8178877747694104,-0.28293797589941,0.004239793268774468,1.0935476203638312,0.016386686252223868,0.866747,0.8645684113359547,0.8064290750667134,-1.1816727400570686,0.10434714015059582,0.013417907895574677,0.00702265751939124
data/abelian_cover/abelian_cover_V200x4_N100000x10_bdeg4.npy,abelian_cover,4,200,800,1000000,max12,0.8326831776556043,0.9830415169843351,0.0019343268189983532,0.8185621341299019,-0.22105201329135524,0.0028688737701127623,1.076426210627954,0.01397015514652714,0.854599,0.8532259887828728,0.8064290750667134,-1.1237950956147627,0.08031038901742343,0.012413834479768737,0.005181089114015713
data/abelian_cover/abelian_cover_V500x4_N100000x10_bdeg4.npy,abelian_cover,4,500,2000,1000000,max12,0.8326831776556043,0.9837621831862956,0.0009613710681218131,0.8191622207529793,-0.15815168201256397,0.0017092213957364984,1.0452261682649762,0.01129626259706962,0.841218,0.8409335445610451,0.8064290750667134,-1.0644432446791858,0.055500258647691036,0.010498308142075696,0.003706174443485255
data/abelian_cover/abelian_cover_V1000x4_N100000x10_bdeg4.npy,abelian_cover,4,1000,4000,1000000,max12,0.8326831776556043,0.984551194624516,0.0008759639202322578,0.8198192173045633,-0.12722130270555776,0.001421653434989109,1.0593503860234934,0.011837868997717362,0.835235,0.8345845487261354,0.8064290750667134,-1.036989142809111,0.044395842637441396,0.009451939985411217,0.002489275689103676
data/abelian_cover/abelian_cover_V2000x4_N100000x10_bdeg4.npy,abelian_cover,4,2000,8000,1000000,max12,0.8326831776556043,0.9849508782170572,0.0010656158623995068,0.8201520271084572,-0.09931002632777791,0.0014781488661670197,1.0418764456927225,0.0155074824147545,0.8292,0.8286973750678024,0.8064290750667134,-1.0097536949697166,0.03302027586589745,0.009301587437370695,0.002414101776173183
data/abelian_cover/abelian_cover_V5000x4_N100000x10_bdeg4.npy,abelian_cover,4,5000,20000,1000000,max12,0.8326831776556043,0.9900951553008346,0.001238274370490239,0.824435580097318,-0.0717659406940478,0.001834444354959225,1.021852411556968,0.02612006990856071,0.822933,0.8226538758650962,0.8064290750667134,-0.9898035079270899,0.024904468152704196,0.006218875692675818,0.001197988103673997
data/abelian_cover/abelian_cover_V100x5_N100000x10_bdeg4.npy,abelian_cover,5,100,500,1000000,max22,0.8326831776556043,1.0412521920726618,0.0008703453427261836,0.8670331840359277,-0.03427044723048571,0.0022312459268038955,0.1324543511650252,0.008623705128117371,0.946013,0.943831714779609,0.9396836803534818,-1.3886196721891522,0.048279769371023074,0.03235044485684488,0.002878577678277039
data/abelian_cover/abelian_cover_V200x5_N100000x10_bdeg4.npy,abelian_cover,5,200,1000,1000000,max22,0.8326831776556043,1.027013689038247,0.0014103649358026453,0.8551770220841722,-0.021042727129192054,0.0022289967505924302,0.10246883838646344,0.01085423511877177,0.943889,0.9422952206974212,0.9396836803534818,-1.3570566423653827,0.03119103213879565,0.021643195366294443,0.002490813604688946
data/abelian_cover/abelian_cover_V500x5_N100000x10_bdeg4.npy,abelian_cover,5,500,2500,1000000,max22,0.8326831776556043,1.0166430587769317,0.0006886152046582035,0.8465415727238887,-0.013471542857197665,0.0011525218682679422,0.089033571708251,0.007617029429478928,0.942388,0.9413837606396929,0.9396836803534818,-1.3382772846318018,0.019589364219718353,0.013311664667538692,0.001632527243738191
data/abelian_cover/abelian_cover_V1000x5_N100000x10_bdeg4.npy,abelian_cover,5,1000,5000,1000000,max22,0.8326831776556043,1.0133468028725732,0.0009175984872891183,0.8437968358830815,-0.0034527181970016997,0.0009533634748503309,0.028750203598287036,0.007938497276991622,0.940767,0.9401247405949619,0.9396836803534818,-1.324837795580436,0.012539564413370397,0.01097502309714582,0.0013853010653824827
data/abelian_cover/abelian_cover_V2000x5_N100000x10_bdeg4.npy,abelian_cover,5,2000,10000,1000000,max22,0.8326831776556043,1.00682519196093,0.0007807115351709639,0.8383664001857409,-0.005585709189087727,0.0009645469402510785,0.05860051650164653,0.010119207243946668,0.940983,0.9404004452947744,0.9396836803534818,-1.3180365077046359,0.008239593987716065,0.005670885816425303,0.001386171096408484
data/abelian_cover/abelian_cover_V5000x5_N100000x10_bdeg4.npy,abelian_cover,5,5000,25000,1000000,max22,0.8326831776556043,1.0054866886727476,0.0012782163052631212,0.8372518510144348,-0.0015130557808292404,0.001999006942598358,0.02154392018704221,0.02846322427126873,0.940114,0.9398788094725089,0.9396836803534818,-1.313196723203883,0.005051759960657598,0.004289240841430009,0.0007261446742903438
data/k4_minus_edge/k4_minus_edge_cover_V25x4_N1000000.npy,k4_minus_edge,25,100,100,1000000,tw1,0.8326831776556043,0.3589082583484775,0.00028735051989917137,0.2988568690484488,0.06595221978031726,0.0002840801241719115,-0.25490354474055854,0.0010979619925297673,0.79846,0.7962010853162733,0.8319080662029525,-0.36061912585438527,0.4964474199310487,0.47602192577846947,0.025396939584842126
data/k4_minus_edge/k4_minus_edge_cover_V50x4_N1000000.npy,k4_minus_edge,50,200,200,1000000,tw1,0.8326831776556043,0.33035478414917013,0.00027920034617326286,0.27508087141906223,0.09687910753054398,0.0005371393555507102,-0.47175870083875765,0.0026156327303498202,0.770623,0.7726611003318216,0.8319080662029525,-0.30736041539441056,0.5392556354372393,0.5098110438603245,0.015043515596609769
data/k4_minus_edge/k4_minus_edge_cover_V125x4_N1000000.npy,k4_minus_edge,125,500,500,1000000,tw1,0.8326831776556043,0.3092705327875086,0.00019995673491188392,0.25752436999674444,0.10938924706878193,0.0003660996832081358,-0.7229547109970702,0.0024195567458603585,0.75714,0.7589486424244865,0.8319080662029525,-0.28045543263112666,0.5688637387454429,0.5361216559363644,0.0030786153300444985
data/k4_minus_edge/k4_minus_edge_cover_V250x4_N1000000.npy,k4_minus_edge,250,1000,1000,1000000,tw1,0.8326831776556043,0.2974347707552466,0.00021187893871292971,0.24766893005774493,0.10383034744124042,0.0003760249981599765,-0.864577836444575,0.00313109690345792,0.761522,0.7600134221530797,0.8319080662029525,-0.2744312477513213,0.5810373262386427,0.5502791444432303,0.0020999833196587714
data/k4_minus_edge/k4_minus_edge_cover_V500x4_N1000000.npy,k4_minus_edge,500,2000,2000,1000000,tw1,0.8326831776556043,0.2860175374497456,0.0001497979715869034,0.238161991948885,0.08984954733449722,0.00046537968357889144,-0.9426251355023741,0.004882368362530152,0.770118,0.7679810393120072,0.8319080662029525,-0.27421314798804386,0.5882724795590085,0.5617991308062538,0.005304771502021022
data/k4_minus_edge/k4_minus_edge_cover_V1250x4_N1000000.npy,k4_minus_edge,1250,5000,5000,1000000,tw1,0.8326831776556043,0.27324519570155004,0.00020016390684342333,0.22752667783589414,0.0675095227551444,0.00042463424216219813,-0.9612466298532869,0.006046231961662227,0.784214,0.7827968929457028,0.8319080662029525,-0.2796186812041339,0.593463748084003,0.5737138841587227,0.0048865781606767245
data/k4_minus_edge/k4_minus_edge_cover_V2500x4_N1000000.npy,k4_minus_edge,2500,10000,10000,1000000,tw1,0.8326831776556043,0.26644426089279405,0.0001735728348838258,0.2218636538283106,0.05141609763917822,0.00040166243350934686,-0.9223850086591575,0.007205669512504424,0.794899,0.7942854543877121,0.8319080662029525,-0.2865650445777651,0.5950068930961094,0.5800028626271096,0.0027629369894369704
data/k5_covers_complete_cover/k5_covers_complete_cover_V20x5_N5000000.npy,k5_cover,20,100,100,5000000,tw1,0.8326831776556043,1.1797358953416357,0.00029179648975941215,0.9823462341274526,-0.12427954709987203,0.0008349968021561614,0.48033708645486617,0.0032272400447718873,0.8518526,0.8502516954826804,0.8319080662029525,-1.6031207073173834,0.12169478008221035,0.09136205618493975,0.0049180497306255955
data/k5_covers_complete_cover/k5_covers_complete_cover_V40x5_N5000000.npy,k5_cover,40,200,200,5000000,tw1,0.8326831776556043,1.119875253768333,0.000288911238423186,0.9325012848856917,-0.05346153970292145,0.0006688910700778687,0.260334216096471,0.0032572057099420917,0.8410404,0.8404104898781871,0.8319080662029525,-1.4647896534253002,0.07660708774198,0.0630802045387634,0.0028109121152684047
data/k5_covers_complete_cover/k5_covers_complete_cover_V100x5_N5000000.npy,k5_cover,100,500,500,5000000,tw1,0.8326831776556043,1.0707757679749237,0.00035188585798828336,0.8916169690339795,-0.010933085959363133,0.0007488631950735614,0.0722568827545502,0.004949244914633433,0.834375,0.8337531796350102,0.8319080662029525,-1.3635247132155532,0.04099335112898522,0.038236325699854634,0.0018070450291013396
data/k5_covers_complete_cover/k5_covers_complete_cover_V200x5_N5000000.npy,k5_cover,200,1000,1000,5000000,tw1,0.8326831776556043,1.046055155561121,0.00026176082246625253,0.8710325309356618,-0.0016047008949047503,0.0007862658162682713,0.01336207440356079,0.006547103183722415,0.832578,0.8321862089507793,0.8319080662029525,-1.3236699705876986,0.02568020895970502,0.025256680372701873,0.0015307063265002085
data/k5_covers_complete_cover/k5_covers_complete_cover_V400x5_N5000000.npy,k5_cover,400,2000,2000,5000000,tw1,0.8326831776556043,1.0291718730003152,0.0003965819509502007,0.8569741055636725,-0.0007191234525536164,0.0010167568762486038,0.007544432465337818,0.010666949547099507,0.8321198,0.8320347972816964,0.8319080662029525,-1.3038756898037676,0.01637762242542984,0.016195417453063465,0.0009973756798553612
data/k5_covers_complete_cover/k5_covers_complete_cover_V1000x5_N5000000.npy,k5_cover,1000,5000,5000,5000000,tw1,0.8326831776556043,1.0150208819659423,0.00033018501921703913,0.8451908133821949,-0.0020634547792155555,0.000874491974153978,0.029380876525667097,0.012451613175197612,0.8323918,0.8322765895152192,0.8319080662029525,-1.287613265682273,0.008787925723887091,0.008246496474348164,0.0008199485900262649
data/k5_covers_complete_cover/k5_covers_complete_cover_V2000x5_N5000000.npy,k5_cover,2000,10000,10000,5000000,tw1,0.8326831776556043,1.009146331635602,0.0003199246381768026,0.8402991741458293,-0.004043062074089167,0.000682086813324019,0.07253097799037579,0.012236374989586395,0.832807,0.8326337907851555,0.8319080662029525,-1.282361181175538,0.006371058585118272,0.00526925953734142,0.0006780710940264001
data/irreg_covers/irreg_covers_k5_minus_edge_cover_V20x5_N5000000.npy,k5_minus_edge,20,100,100,5000000,tw1,0.8326831776556043,1.0189302693504725,0.0002652772125468649,0.8484460944922322,-0.041927134846294505,0.0007247903084550344,0.1620472416051324,0.002801294928877106,0.8402678,0.8392554702682488,0.8319080662029525,-1.3200079111312133,0.021380362650503665,0.01176207932337639,0.004703545056466529
data/irreg_covers/irreg_covers_k5_minus_edge_cover_V40x5_N5000000.npy,k5_minus_edge,40,200,200,5000000,tw1,0.8326831776556043,0.9582073086691821,0.00031311665502462146,0.797883106635479,0.008871811229055376,0.0007397822133404346,-0.04320182386265594,0.0036024144396568894,0.8308178,0.8302223705109792,0.8319080662029525,-1.1990076033927726,0.027417269652377674,0.024820549464261987,0.002648404015655803
data/irreg_covers/irreg_covers_k5_minus_edge_cover_V100x5_N5000000.npy,k5_minus_edge,100,500,500,5000000,tw1,0.8326831776556043,0.908189802464118,0.0003402523924822079,0.7562343706302374,0.03204636187296915,0.0006064014925466497,-0.2117947504640222,0.004007713989626392,0.8260174,0.8254195938360293,0.8319080662029525,-1.1154370063092216,0.06393101928068112,0.05451054986166015,0.0017378671892613884
data/irreg_covers/irreg_covers_k5_minus_edge_cover_V200x5_N5000000.npy,k5_minus_edge,200,1000,1000,5000000,tw1,0.8326831776556043,0.8827141560959694,0.00038630765956869134,0.7350212284595768,0.03268653365305551,0.0007562674524767652,-0.27217526708773104,0.0062973118548586135,0.8255612,0.8250944607279648,0.8319080662029525,-1.083421294078983,0.0799094851781357,0.07024608591664389,0.001387851491562564
data/irreg_covers/irreg_covers_k5_minus_edge_cover_V400x5_N5000000.npy,k5_minus_edge,400,2000,2000,5000000,tw1,0.8326831776556043,0.865806922698626,0.0002486830074589773,0.720942859628912,0.028864875558309824,0.0006958041529513719,-0.3028257575201419,0.007299786180526247,0.8259742,0.8257822025237562,0.8319080662029525,-1.066386625606993,0.08963530822584365,0.08110934409941226,0.001274383532328005
data/irreg_covers/irreg_covers_k5_minus_edge_cover_V1000x5_N5000000.npy,k5_minus_edge,1000,5000,5000,5000000,tw1,0.8326831776556043,0.8509130807976479,0.0003403297087254752,0.7085410080273055,0.0179593689984329,0.0007102618342977471,-0.25571774498612804,0.010113192430768544,0.8282374,0.828047954776697,0.8319080662029525,-1.0592742728755824,0.0960258763511391,0.0907294548022681,0.0009384133504207748
data/irreg_covers/irreg_covers_k5_minus_edge_cover_V2000x5_N5000000.npy,k5_minus_edge,2000,10000,10000,5000000,tw1,0.8326831776556043,0.8449052426358294,0.0001730812342102993,0.7035383822558818,0.012971712620992094,0.0007968732134450686,-0.23270753339165962,0.014295598842252552,0.829161,0.829106321182021,0.8319080662029525,-1.0576367426400999,0.09842695910995278,0.09458804662153403,0.0005595871157508814
data/matlab/loop_cover_deg4_V50000_N100000.npy,matlab_loop_cover,,50000,50000,100000,tw1,0.8326831776556043,1.0060312747640516,0.0023153744614859196,0.8377053186914488,0.046697439080025036,0.005228282773319935,-1.4325051430484148,0.16038442599084432,0.82333,0.8233365591534595,0.8319080662029525,-1.2248564605919943,0.01411314782506734,0.004006773401622921,0.0023914859587397808
data/matlab/loop_cover_deg4_V100000_N100000.npy,matlab_loop_cover,,100000,100000,100000,tw1,0.8326831776556043,1.0075408797619565,0.0019766507195855534,0.8389623413781091,0.03896600706886184,0.004008239896279594,-1.506025628754169,0.1549173873351746,0.82459,0.8247873635697566,0.8319080662029525,-1.238212320667781,0.010459456654415056,0.005239933149191411,0.001652429919689169
data/matlab/loop_cover_deg4_V200000_N100000.npy,matlab_loop_cover,,200000,200000,100000,tw1,0.8326831776556043,1.0062814566104925,0.001825506365562363,0.837913640906335,0.026629772163653948,0.007681558175246265,-1.2967529367048203,0.374058142931281,0.82717,0.8270582019447369,0.8319080662029525,-1.2502641861776174,0.007964781484111505,0.004756528000359972,0.0022491685280916496
data/matlab/loop_cover_deg4_V500000_N100000.npy,matlab_loop_cover,,500000,500000,100000,tw1,0.8326831776556043,0.9992449868781359,0.0027335314695611564,0.8320544909301189,0.019880847218336276,0.005077707641326676,-1.313927332004741,0.3355862444189523,0.82919,0.8282709581994828,0.8319080662029525,-1.2461520998758908,0.007721187460092982,0.001656868694549507,0.0015755055029985643
data/matlab/simple_deg4_V50000_N100000.npy,matlab_simple,,50000,50000,100000,tw1,0.8326831776556043,1.002974259100945,0.002695452270376937,0.8351597931749503,-0.15950185857375146,0.0061562622389341095,4.892928546705165,0.18885141226085267,0.85833,0.8590157419622068,0.8319080662029525,-1.4343600460962262,0.05319777785652796,0.0028983916354538564,0.0017331976005151017
data/matlab/simple_deg4_V100000_N100000.npy,matlab_simple,,100000,100000,100000,tw1,0.8326831776556043,0.9992149176550125,0.002363746460155554,0.8320294527938588,-0.12158734728479258,0.005691934997198821,4.699318070222786,0.21999174736675423,0.85298,0.8529601711057924,0.8319080662029525,-1.388340934530798,0.038626855657473425,0.0015873648222047843,0.0014246786208009787
data/matlab/simple_deg4_V200000_N100000.npy,matlab_simple,,200000,200000,100000,tw1,0.8326831776556043,0.9970917438658475,0.0024691732803200574,0.8302615216963818,-0.10933075675080943,0.005301148341284063,5.323927633232861,0.2581426396449032,0.85085,0.8509688088643281,0.8319080662029525,-1.374919038941448,0.03476556128861574,0.0032311517373210807,0.001934107006706598
data/matlab/simple_deg4_V500000_N100000.npy,matlab_simple,,500000,500000,100000,tw1,0.8326831776556043,1.0035860856801586,0.0033004007714129363,0.835669250875104,-0.06499914568606427,0.005652484695035499,4.295800532841926,0.373573321749371,0.84352,0.8433669288312052,0.8319080662029525,-1.3369652709716124,0.022725109770474428,0.002953076108689473,0.0012033662710754789
data/quaternion_rep/quaternion_deg4_V100x4_N1000000.npy,quaternion,4,100,400,1000000,tw4,0.7418363755904023,1.0665077392135316,0.0008116429565295794,0.7911742357972802,0.23235141133818077,0.0021642484510513995,-0.8000554839185208,0.007452155473700397,0.997344,0.9967669990500833,0.998574197358169,-2.2450447125794124,0.04921342617160851,0.08637414761224832,0.0026320406827861076
data/quaternion_rep/quaternion_deg4_V200x4_N1000000.npy,quaternion,4,200,800,1000000,tw4,0.7418363755904023,1.045861629631509,0.0008358785380854772,0.7758582006949104,0.1869786779187509,0.0019505727665036976,-0.8111668764084469,0.00846214143678847,0.99754,0.9971978779275522,0.998574197358169,-2.243971970585142,0.047913191480112305,0.06033579811489864,0.0019010465701719825
data/quaternion_rep/quaternion_deg4_V500x4_N1000000.npy,quaternion,4,500,2000,1000000,tw4,0.7418363755904023,1.0270483511091069,0.0009175669960382379,0.7619018263428787,0.1371177648934574,0.002251073862891319,-0.8073438073449656,0.013254231094662,0.997853,0.9976307274884002,0.998574197358169,-2.250931897934648,0.042355239930844224,0.03585840647480543,0.0013089057203179433
data/quaternion_rep/quaternion_deg4_V1000x4_N1000000.npy,quaternion,4,1000,4000,1000000,tw4,0.7418363755904023,1.0162164690476383,0.0007133035249624799,0.7538663422135762,0.10429112424927314,0.0018134785672167535,-0.773669496193291,0.01345304367514952,0.997994,0.9978896698274823,0.998574197358169,-2.258728392005726,0.03777612405693498,0.02155394715231851,0.0011128293442775883
data/quaternion_rep/quaternion_deg4_V2000x4_N1000000.npy,quaternion,4,2000,8000,1000000,tw4,0.7418363755904023,1.0117545801090841,0.0009473111317556544,0.7505563506951123,0.08458742162205732,0.002383206777394941,-0.7906007898740046,0.022274767625145343,0.998089,0.9980359082908858,0.998574197358169,-2.2691456827458567,0.03210268320762166,0.016091836179518426,0.00044422113112396744
data/quaternion_rep/quaternion_deg4_V5000x4_N1000000.npy,quaternion,4,5000,20000,1000000,tw4,0.7418363755904023,1.0051842716110853,0.0008169006906642963,0.7456822568524459,0.05853030497046674,0.0020384792302269705,-0.7424700051243502,0.025858564811445762,0.998253,0.9982164365745154,0.998574197358169,-2.280439856847682,0.025868430892325434,0.007476710623593008,0.0005160240993192788
data/simple/simple_deg4_V100_N5000000.npy,simple,,100,100,5000000,tw1,0.8326831776556043,1.1169864100972624,0.00025018530549816376,0.9300957933579144,-1.3550776756565484,0.000845040062720919,5.237338547120991,0.0032660569750774505,0.9673656,0.964176319774534,0.8319080662029525,-2.758966705313587,0.43144556195370537,0.061748501772110526,0.003866609990717307
data/simple/simple_deg4_V200_N5000000.npy,simple,,200,200,5000000,tw1,0.8326831776556043,1.0733189084204269,0.00037100905320806317,0.8937345993013656,-1.008257877874372,0.00086359741986618,4.909773001640137,0.0042053401112858565,0.9493966,0.9471566680018588,0.8319080662029525,-2.360154126016279,0.3298075610564141,0.03976449115732064,0.002883887509237737
data/simple/simple_deg4_V500_N5000000.npy,simple,,500,500,5000000,tw1,0.8326831776556043,1.040848649534185,0.00042375640321384557,0.8666971609526697,-0.7058625005813204,0.0005750203610135314,4.665052862010893,0.003800315753636877,0.9261608,0.9250246441194444,0.8319080662029525,-2.0207948748217626,0.23388133637035136,0.0224815449984056,0.001697773861910612
data/simple/simple_deg4_V1000_N5000000.npy,simple,,1000,1000,5000000,tw1,0.8326831776556043,1.02668710155441,0.00030520500852746694,0.8549050781803481,-0.545581045947264,0.0005248263958959092,4.542961590080359,0.004370141110521438,0.9104364,0.9095841644486159,0.8319080662029525,-1.8433921724228377,0.1808441576095573,0.014831423289848489,0.0014683237000094884
data/simple/simple_deg4_V2000_N5000000.npy,simple,,2000,2000,5000000,tw1,0.8326831776556043,1.017278212235423,0.0003608947588177218,0.8470704543240042,-0.42686515618852533,0.0005156367362265133,4.478306654072164,0.005409622672288101,0.896673,0.8961987635734425,0.8319080662029525,-1.7145287489820007,0.14117761389145916,0.009580481839975702,0.001011967728056784
data/simple/simple_deg4_V5000_N5000000.npy,simple,,5000,5000,5000000,tw1,0.8326831776556043,1.0086561789353017,0.0004910278343682877,0.8398910322378068,-0.31457842436499334,0.0010757136594613636,4.479182164302358,0.015316744773841358,0.882119,0.8818753217055632,0.8319080662029525,-1.592428015950302,0.10309560874130663,0.004867191272618365,0.0006108611289565857
data/simple/simple_deg4_V10000_N5000000.npy,simple,,10000,10000,5000000,tw1,0.8326831776556043,1.0050228807560555,0.0002216179956228925,0.8368656459645417,-0.248656717138707,0.0006266996332254616,4.460805831681351,0.011242750289529702,0.8728204,0.8726059429482229,0.8319080662029525,-1.5218998731012003,0.08082970582038512,0.003000387820067757,0.0006142294517428315
data/simple/simple_deg4_V20000_N5000000.npy,simple,,20000,20000,5000000,tw1,0.8326831776556043,1.003092759463115,0.0002954042703209251,0.8352584664330753,-0.19699658516424648,0.0008667014099033939,4.4526150925258365,0.019589617633380532,0.865122,0.8648864325745803,0.8319080662029525,-1.4678232298848783,0.06369648330414751,0.0019068298439509912,0.0006716231809787976
